login,company,location,public_repos,followers
tiangolo,,,0,0
schacon,,,0,0
rwieruch,,,0,0
shuding,,,0,0
android10,,,0,0
marijnh,,,0,0
mxmnk,,,0,0
nikic,,,0,0
greenrobot,,,0,0
sebastianruder,,,0,0
vakila,,,0,0
tonsky,,,0,0
felixge,,,0,0
alexeygrigorev,,,0,0
hanxiao,,,0,0
ines,,,0,0
apaszke,,,0,0
lewagon,,,0,0
codebytere,,,0,0
prisma,,,0,0
armancodv,,,0,0
peterbourgon,,,0,0
vanhauser-thc,,,0,0
KittyGiraudel,,,0,0
dashersw,,,0,0
codepo8,,,0,0
nlohmann,,,0,0
floooh,,,0,0
cure53,,,0,0
nisrulz,,,0,0
vietnh1009,,,0,0
pepelsbey,,,0,0
nschloe,,,0,0
spacejam,,,0,0
ligi,,,0,0
justadudewhohacks,,,0,0
anaisbetts,,,0,0
typst,,,0,0
robb,,,0,0
schickling,,,0,0
rkh,,,0,0
withoutboats,,,0,0
honnibal,,,0,0
janl,,,0,0
Roaa94,,,0,0
frozeman,,,0,0
z3tt,,,0,0
vas3k,,,0,0
mttkay,,,0,0
leo,,,0,0
tomaka,,,0,0
johnkil,,,0,0
mxschmitt,,,0,0
smakosh,,,0,0
hynek,,,0,0
poettering,,,0,0
TejasQ,,,0,0
AmruthPillai,,,0,0
chriseth,,,0,0
roji,,,0,0
justinmk,,,0,0
brianamarie,,,0,0
datitran,,,0,0
alireza0,,,0,0
arash-hacker,,,0,0
maciejwalkowiak,,,0,0
eps1lon,,,0,0
MohamedMesto,,,0,0
solegalli,,,0,0
mugli,,,0,0
Byron,,,0,0
pedromassango,,,0,0
aFarkas,,,0,0
mr-mig,,,0,0
gka,,,0,0
cytopia,,,0,0
explosion,,,0,0
omz,,,0,0
sujinleeme,,,0,0
tgalal,,,0,0
stefanjudis,,,0,0
cs-MohamedAyman,,,0,0
dmonad,,,0,0
ojack,,,0,0
beorn7,,,0,0
camunda,,,0,0
olilarkin,,,0,0
deliveryhero,,,0,0
berndruecker,,,0,0
xct,,,0,0
rxrbln,,,0,0
davidchambers,,,0,0
naderman,,,0,0
adamwiggins,,,0,0
fjl,,,0,0
vitormalencar,,,0,0
moklick,,,0,0
rpolonsky,,,0,0
kashif,,,0,0
LilithWittmann,,,0,0
jamesmunns,,,0,0
pudo,,,0,0
javierbyte,,,0,0
meh,,,0,0
rednafi,,,0,0
visenger,,,0,0
brancz,,,0,0
zaraco,,,0,0
spacekookie,,,0,0
ptaoussanis,,,0,0
deepset-ai,,,0,0
traviscibot,,,0,0
emad-elsaid,,,0,0
mlent,,,0,0
paolorotolo,,,0,0
panique,,,0,0
falkTX,,,0,0
kof,,,0,0
pepicrft,,,0,0
hramezani,,,0,0
cebe,,,0,0
PurpleBooth,,,0,0
bergie,,,0,0
rahmonov,,,0,0
bkchr,,,0,0
derhuerst,,,0,0
svenfuchs,,,0,0
nikolasburk,,,0,0
areyou1or0,,,0,0
Phantas0s,,,0,0
tasomaniac,,,0,0
ndrplz,,,0,0
zalando,,,0,0
voronianski,,,0,0
maateen,,,0,0
Expensify,,,0,0
lilic,,,0,0
fzerorubigd,,,0,0
endocrimes,,,0,0
plutov,,,0,0
kjam,,,0,0
neelance,,,0,0
skade,,,0,0
codergogoi,,,0,0
RobertTLange,,,0,0
msaaddev,,,0,0
anapaulagomes,,,0,0
infusion,,,0,0
burakcan,,,0,0
sschmid,,,0,0
generall,,,0,0
SpaceK33z,,,0,0
rootzoll,,,0,0
debris,,,0,0
m0nad,,,0,0
ozgurozturknet,,,0,0
cjwirth,,,0,0
janpio,,,0,0
philippjfr,,,0,0
XAMPPRocky,,,0,0
increpare,,,0,0
dereuromark,,,0,0
iuridepaula,,,0,0
Tienisto,,,0,0
LefterisJP,,,0,0
Conchylicultor,,,0,0
localheinz,,,0,0
matthiasn,,,0,0
q9f,,,0,0
chrieke,,,0,0
NikolaiT,,,0,0
thatisuday,,,0,0
tcurdt,,,0,0
rumyantseva,,,0,0
iotaledger,,,0,0
salihgueler,,,0,0
mtdvio,,,0,0
splitbrain,,,0,0
hukl,,,0,0
juliusv,,,0,0
wolfv,,,0,0
kakkoyun,,,0,0
Jolg42,,,0,0
manashmandal,,,0,0
domschiener,,,0,0
ebrugulec,,,0,0
seyfer,,,0,0
kaisermann,,,0,0
rohan20,,,0,0
wix,,,0,0
cketti,,,0,0
tasdikrahman,,,0,0
berstend,,,0,0
ThisIsMissEm,,,0,0
johannesjo,,,0,0
greyblake,,,0,0
christianparpart,,,0,0
sheremet-va,,,0,0
davidsbatista,,,0,0
ahmedash95,,,0,0
lislis,,,0,0
kostasx,,,0,0
AnirudhDagar,,,0,0
arximboldi,,,0,0
mhagger,,,0,0
boopathi,,,0,0
DonnchaC,,,0,0
gouthamve,,,0,0
jackrusher,,,0,0
matthiasplappert,,,0,0
nuhkoca,,,0,0
xyflow,,,0,0
faressoft,,,0,0
xeolabs,,,0,0
AriaMinaei,,,0,0
hellofresh,,,0,0
lukasmasuch,,,0,0
ikrum,,,0,0
simoneas02,,,0,0
asus4,,,0,0
x42,,,0,0
blueyed,,,0,0
peterp,,,0,0
marinalimeira,,,0,0
metalmatze,,,0,0
stefanw,,,0,0
segunfamisa,,,0,0
ethanfrey,,,0,0
PragTob,,,0,0
roidrage,,,0,0
hwclass,,,0,0
juanitorduz,,,0,0
rdilruba,,,0,0
okwme,,,0,0
ivangfr,,,0,0
abhishek-ch,,,0,0
aabouzaid,,,0,0
chrisgrieser,,,0,0
durran,,,0,0
sagar-viradiya,,,0,0
DominicBreuker,,,0,0
ahmedeltaher,,,0,0
vertexclique,,,0,0
photoprism,,,0,0
mxmxmx,,,0,0
diessica,,,0,0
christophergandrud,,,0,0
drogus,,,0,0
tessr,,,0,0
SimonDanisch,,,0,0
KutayAkalin,,,0,0
Ohara124c41,,,0,0
IRCSS,,,0,0
mntmn,,,0,0
ff6347,,,0,0
berinhard,,,0,0
kianenigma,,,0,0
SuperQ,,,0,0
gwens,,,0,0
hellosagar,,,0,0
delucis,,,0,0
hanshuebner,,,0,0
tmbo,,,0,0
ueberdosis,,,0,0
almaleksia,,,0,0
hackebrot,,,0,0
AlexDenisov,,,0,0
danascript,,,0,0
tarek360,,,0,0
mrackwitz,,,0,0
tillrohrmann,,,0,0
sschuberth,,,0,0
esc,,,0,0
gusgad,,,0,0
hagenburger,,,0,0
w0rm,,,0,0
cpanato,,,0,0
azproduction,,,0,0
ForsakenHarmony,,,0,0
slint-ui,,,0,0
lucasmichot,,,0,0
jrieke,,,0,0
lastzero,,,0,0
adbar,,,0,0
ndom91,,,0,0
opf,,,0,0
turian,,,0,0
krother,,,0,0
jpkrohling,,,0,0
fritzing,,,0,0
afuh,,,0,0
prof18,,,0,0
ManiMozaffar,,,0,0
timpritlove,,,0,0
andywer,,,0,0
schriftgestalt,,,0,0
aksakalli,,,0,0
MoeinDeveloper92,,,0,0
cjolowicz,,,0,0
StephanEwen,,,0,0
boennemann,,,0,0
TheLartians,,,0,0
ravanscafi,,,0,0
lgrammel,,,0,0
turbo,,,0,0
guitmz,,,0,0
gumb0,,,0,0
zubairehman,,,0,0
squat,,,0,0
burnash,,,0,0
lisacharlotterost,,,0,0
TimDaub,,,0,0
kkaefer,,,0,0
axsaucedo,,,0,0
brauner,,,0,0
Skn0tt,,,0,0
aap,,,0,0
Fcmam5,,,0,0
juliuste,,,0,0
cloudpanel-io,,,0,0
mrtazz,,,0,0
weaveworks,,,0,0
acao,,,0,0
fehmicansaglam,,,0,0
runningcode,,,0,0
whoenig,,,0,0
fortmarek,,,0,0
baptistebriel,,,0,0
soundcloud,,,0,0
laramartin,,,0,0
ashiishme,,,0,0
MarkusH,,,0,0
jhass,,,0,0
imskr,,,0,0
RomelTorres,,,0,0
andela-sjames,,,0,0
chrisguttandin,,,0,0
laf0rge,,,0,0
jamiehannaford,,,0,0
Pisush,,,0,0
ym,,,0,0
MichaelKreil,,,0,0
perusio,,,0,0
marcinguy,,,0,0
alexbeletsky,,,0,0
martinklepsch,,,0,0
fractaledmind,,,0,0
doctolib,,,0,0
janeczku,,,0,0
fineanmol,,,0,0
manojpandey,,,0,0
gorgos,,,0,0
traumverloren,,,0,0
syllog1sm,,,0,0
jackschaedler,,,0,0
dirkschumacher,,,0,0
ngoduykhanh,,,0,0
woachk,,,0,0
sdepold,,,0,0
smurawski,,,0,0
Kardelio,,,0,0
marimeireles,,,0,0
pauladiniz,,,0,0
coderobe,,,0,0
abdulfatir,,,0,0
CesarValiente,,,0,0
jdennes,,,0,0
htbkoo,,,0,0
carolstran,,,0,0
spicedacademy,,,0,0
bluemix,,,0,0
janlelis,,,0,0
andydandy74,,,0,0
zoepage,,,0,0
aqrln,,,0,0
JustinShenk,,,0,0
gkmngrgn,,,0,0
tssovi,,,0,0
mwarning,,,0,0
brunagil,,,0,0
mmourafiq,,,0,0
IliaKani,,,0,0
nikku,,,0,0
deanm,,,0,0
thejonanshow,,,0,0
cmaureir,,,0,0
discordianfish,,,0,0
seiflotfy,,,0,0
yjs,,,0,0
larsxschneider,,,0,0
zalandoresearch,,,0,0
mindreframer,,,0,0
yomete,,,0,0
johnjohndoe,,,0,0
lourot,,,0,0
felipecruz,,,0,0
missinglink,,,0,0
Victoriapm,,,0,0
yogiben,,,0,0
janober,,,0,0
fhueske,,,0,0
anna-geller,,,0,0
nickstenning,,,0,0
adriankumpf,,,0,0
laurmaedje,,,0,0
vasco-santos,,,0,0
kshitij10496,,,0,0
neobrain,,,0,0
jfahrenkrug,,,0,0
d3vilbug,,,0,0
grobie,,,0,0
AlaaAttya,,,0,0
atilafassina,,,0,0
streadway,,,0,0
DenisovAV,,,0,0
Drakulix,,,0,0
goetas,,,0,0
davidfurlong,,,0,0
objectbox,,,0,0
objcio,,,0,0
rafaeljesus,,,0,0
vitling,,,0,0
hamoid,,,0,0
anaschwendler,,,0,0
daniel-j-h,,,0,0
Nitrokey,,,0,0
sejalv,,,0,0
chrxh,,,0,0
arianvp,,,0,0
al2na,,,0,0
mr-c,,,0,0
yogmel,,,0,0
thyrlian,,,0,0
mishushakov,,,0,0
adrianheine,,,0,0
unnamedd,,,0,0
septag,,,0,0
alanakbik,,,0,0
lorey,,,0,0
Fouloscopie,,,0,0
marktani,,,0,0
sacridini,,,0,0
asaaki,,,0,0
nomicode,,,0,0
talitaoliveira,,,0,0
s1monw,,,0,0
angelikatyborska,,,0,0
Licenser,,,0,0
Khaledgarbaya,,,0,0
bennycode,,,0,0
Kovah,,,0,0
mrflix,,,0,0
tsterbak,,,0,0
sorenbs,,,0,0
RosaWagner,,,0,0
rixx,,,0,0
reuben,,,0,0
rivo,,,0,0
lucaong,,,0,0
dpreussler,,,0,0
sotte,,,0,0
janmonschke,,,0,0
fabsx00,,,0,0
spacecowb0y,,,0,0
candostdagdeviren,,,0,0
MKRLancer,,,0,0
kenshinji,,,0,0
cmichi,,,0,0
lstoll,,,0,0
denisdefreyne,,,0,0
jmattheis,,,0,0
Sly777,,,0,0
OskarStark,,,0,0
esoxjem,,,0,0
saschanaz,,,0,0
clovisdasilvaneto,,,0,0
montogeek,,,0,0
Letty,,,0,0
autophagy,,,0,0
marcobiedermann,,,0,0
efemoney,,,0,0
niderhoff,,,0,0
marinho,,,0,0
hartwork,,,0,0
kimar,,,0,0
omergulen,,,0,0
progapandist,,,0,0
aarlt,,,0,0
devonestes,,,0,0
manuelbieh,,,0,0
irh,,,0,0
s-soroosh,,,0,0
lukasoppermann,,,0,0
joseliacosta,,,0,0
szaimen,,,0,0
polarity,,,0,0
Rebaiahmed,,,0,0
fmeyer,,,0,0
hanakamer,,,0,0
Kriesse,,,0,0
geekdada,,,0,0
mlegy,,,0,0
mirshko,,,0,0
Dylan-DPC-zz,,,0,0
linki,,,0,0
danielpaulus,,,0,0
keremciu,,,0,0
aep,,,0,0
stanislaw,,,0,0
msoos,,,0,0
BenchR267,,,0,0
chrippa,,,0,0
Goldziher,,,0,0
bashofmann,,,0,0
phazonoverload,,,0,0
moiseshorta,,,0,0
AbdullahBakir97,,,0,0
Mark2Mark,,,0,0
jenskutilek,,,0,0
v-thakkar,,,0,0
343max,,,0,0
LukasReschke,,,0,0
joaomilho,,,0,0
akrennmair,,,0,0
kirel,,,0,0
robinpokorny,,,0,0
PavelLaptev,,,0,0
mschneider,,,0,0
oleiade,,,0,0
froschi,,,0,0
tmylk,,,0,0
EmaSuriano,,,0,0
philippkuehn,,,0,0
LeonardoCardoso,,,0,0
JeroenDeDauw,,,0,0
zeenix,,,0,0
Musti4096,,,0,0
finnp,,,0,0
vecna,,,0,0
alfredfrancis,,,0,0
MichaelKohler,,,0,0
helmuthdu,,,0,0
polykit,,,0,0
harshil1712,,,0,0
0mp,,,0,0
illume,,,0,0
mrchrisadams,,,0,0
robinboehm,,,0,0
katiayn,,,0,0
kurasu,,,0,0
tunavargi,,,0,0
miconda,,,0,0
mohsenoid,,,0,0
tmspzz,,,0,0
cristianoliveira,,,0,0
HeyPouya,,,0,0
tanvir002700,,,0,0
rishimohan,,,0,0
mymindishazel,,,0,0
codeliner,,,0,0
sunsided,,,0,0
rockstaedt,,,0,0
myobie,,,0,0
chris-rock,,,0,0
khanzadimahdi,,,0,0
divyenduz,,,0,0
MedRedha,,,0,0
fabianfett,,,0,0
durannumit,,,0,0
BenjaminBossan,,,0,0
cornelius,,,0,0
anna-carroll,,,0,0
pierluigiferrari,,,0,0
Fluepke,,,0,0
adewes,,,0,0
Schaeff,,,0,0
luqmanoop,,,0,0
amn41,,,0,0
adzialocha,,,0,0
natalyapeixoto,,,0,0
znarf,,,0,0
ogoffart,,,0,0
mikiobraun,,,0,0
vadorovsky,,,0,0
chootka,,,0,0
mzaks,,,0,0
knutin,,,0,0
batin,,,0,0
nulltea,,,0,0
reactormonk,,,0,0
Shpota,,,0,0
holgerd77,,,0,0
Dineshkarthik,,,0,0
Robbepop,,,0,0
zutrinken,,,0,0
mustafaozhan,,,0,0
nmicht,,,0,0
carlosmn,,,0,0
roquebuarquejr,,,0,0
FACorreiaa,,,0,0
hendrikhofstadt,,,0,0
dmstern,,,0,0
soulshake,,,0,0
